"Choice","Indicator","Function","Value","Group","Community","Research.Question","Calculation"
"SY07","Q1_3_select_governorate","counts","118","Key Characteristics","C3871","0","count and percentage"
"SY07","Q1_3_select_governorate","percentage","100","Key Characteristics","C3871","0","count and percentage"
"SY07","Q1_3_select_governorate","counts","98","Key Characteristics","C3947","0","count and percentage"
"SY07","Q1_3_select_governorate","percentage","100","Key Characteristics","C3947","0","count and percentage"
"SY07","Q1_3_select_governorate","counts","56","Key Characteristics","C4121","0","count and percentage"
"SY07","Q1_3_select_governorate","percentage","100","Key Characteristics","C4121","0","count and percentage"
"SY07","Q1_3_select_governorate","counts","79","Key Characteristics","C4126","0","count and percentage"
"SY07","Q1_3_select_governorate","percentage","100","Key Characteristics","C4126","0","count and percentage"
"SY07","Q1_3_select_governorate","counts","59","Key Characteristics","C4140","0","count and percentage"
"SY07","Q1_3_select_governorate","percentage","100","Key Characteristics","C4140","0","count and percentage"
"SY0700","Q1_4_Select_district","counts","118","Key Characteristics","C3871","0","count and percentage"
"SY0700","Q1_4_Select_district","percentage","100","Key Characteristics","C3871","0","count and percentage"
"SY0700","Q1_4_Select_district","counts","98","Key Characteristics","C3947","0","count and percentage"
"SY0700","Q1_4_Select_district","percentage","100","Key Characteristics","C3947","0","count and percentage"
"SY0703","Q1_4_Select_district","counts","56","Key Characteristics","C4121","0","count and percentage"
"SY0703","Q1_4_Select_district","percentage","100","Key Characteristics","C4121","0","count and percentage"
"SY0703","Q1_4_Select_district","counts","79","Key Characteristics","C4126","0","count and percentage"
"SY0703","Q1_4_Select_district","percentage","100","Key Characteristics","C4126","0","count and percentage"
"SY0703","Q1_4_Select_district","counts","59","Key Characteristics","C4140","0","count and percentage"
"SY0703","Q1_4_Select_district","percentage","100","Key Characteristics","C4140","0","count and percentage"
"SY070000","Q1_5_select_sub_district","counts","118","Key Characteristics","C3871","0","count and percentage"
"SY070000","Q1_5_select_sub_district","percentage","100","Key Characteristics","C3871","0","count and percentage"
"SY070005","Q1_5_select_sub_district","counts","98","Key Characteristics","C3947","0","count and percentage"
"SY070005","Q1_5_select_sub_district","percentage","100","Key Characteristics","C3947","0","count and percentage"
"SY070301","Q1_5_select_sub_district","counts","56","Key Characteristics","C4121","0","count and percentage"
"SY070301","Q1_5_select_sub_district","percentage","100","Key Characteristics","C4121","0","count and percentage"
"SY070301","Q1_5_select_sub_district","counts","79","Key Characteristics","C4126","0","count and percentage"
"SY070301","Q1_5_select_sub_district","percentage","100","Key Characteristics","C4126","0","count and percentage"
"SY070302","Q1_5_select_sub_district","counts","59","Key Characteristics","C4140","0","count and percentage"
"SY070302","Q1_5_select_sub_district","percentage","100","Key Characteristics","C4140","0","count and percentage"
"C3871","Q1_6_Select_community","counts","118","Key Characteristics","C3871","0","count and percentage"
"C3871","Q1_6_Select_community","percentage","100","Key Characteristics","C3871","0","count and percentage"
"C3947","Q1_6_Select_community","counts","98","Key Characteristics","C3947","0","count and percentage"
"C3947","Q1_6_Select_community","percentage","100","Key Characteristics","C3947","0","count and percentage"
"C4121","Q1_6_Select_community","counts","56","Key Characteristics","C4121","0","count and percentage"
"C4121","Q1_6_Select_community","percentage","100","Key Characteristics","C4121","0","count and percentage"
"C4126","Q1_6_Select_community","counts","79","Key Characteristics","C4126","0","count and percentage"
"C4126","Q1_6_Select_community","percentage","100","Key Characteristics","C4126","0","count and percentage"
"C4140","Q1_6_Select_community","counts","59","Key Characteristics","C4140","0","count and percentage"
"C4140","Q1_6_Select_community","percentage","100","Key Characteristics","C4140","0","count and percentage"
"SY07","Q1_3_select_governorate","counts","410","Key Characteristics","Overall","0","count and percentage"
"SY07","Q1_3_select_governorate","percentage","100","Key Characteristics","Overall","0","count and percentage"
"SY0700","Q1_4_Select_district","counts","216","Key Characteristics","Overall","0","count and percentage"
"SY0700","Q1_4_Select_district","percentage","52.68","Key Characteristics","Overall","0","count and percentage"
"SY0703","Q1_4_Select_district","counts","194","Key Characteristics","Overall","0","count and percentage"
"SY0703","Q1_4_Select_district","percentage","47.32","Key Characteristics","Overall","0","count and percentage"
"SY070000","Q1_5_select_sub_district","counts","118","Key Characteristics","Overall","0","count and percentage"
"SY070000","Q1_5_select_sub_district","percentage","28.78","Key Characteristics","Overall","0","count and percentage"
"SY070005","Q1_5_select_sub_district","counts","98","Key Characteristics","Overall","0","count and percentage"
"SY070005","Q1_5_select_sub_district","percentage","23.9","Key Characteristics","Overall","0","count and percentage"
"SY070301","Q1_5_select_sub_district","counts","135","Key Characteristics","Overall","0","count and percentage"
"SY070301","Q1_5_select_sub_district","percentage","32.93","Key Characteristics","Overall","0","count and percentage"
"SY070302","Q1_5_select_sub_district","counts","59","Key Characteristics","Overall","0","count and percentage"
"SY070302","Q1_5_select_sub_district","percentage","14.39","Key Characteristics","Overall","0","count and percentage"
"C3871","Q1_6_Select_community","counts","118","Key Characteristics","Overall","0","count and percentage"
"C3871","Q1_6_Select_community","percentage","28.78","Key Characteristics","Overall","0","count and percentage"
"C3947","Q1_6_Select_community","counts","98","Key Characteristics","Overall","0","count and percentage"
"C3947","Q1_6_Select_community","percentage","23.9","Key Characteristics","Overall","0","count and percentage"
"C4121","Q1_6_Select_community","counts","56","Key Characteristics","Overall","0","count and percentage"
"C4121","Q1_6_Select_community","percentage","13.66","Key Characteristics","Overall","0","count and percentage"
"C4126","Q1_6_Select_community","counts","79","Key Characteristics","Overall","0","count and percentage"
"C4126","Q1_6_Select_community","percentage","19.27","Key Characteristics","Overall","0","count and percentage"
"C4140","Q1_6_Select_community","counts","59","Key Characteristics","Overall","0","count and percentage"
"C4140","Q1_6_Select_community","percentage","14.39","Key Characteristics","Overall","0","count and percentage"
