"Choice","Indicator","Function","Value","Group","Community","Research.Question","Calculation"
"no","Q11_1_Are_food_items_in_the_shop_protected_from_exposure_to_weather_conditions_like_water_humidity_heat_direct_sunlight","counts","5","Quality checks","C3871","RQ3 select yes","count and percentage"
"no","Q11_1_Are_food_items_in_the_shop_protected_from_exposure_to_weather_conditions_like_water_humidity_heat_direct_sunlight","percentage","4.24","Quality checks","C3871","RQ3 select yes","count and percentage"
"yes","Q11_1_Are_food_items_in_the_shop_protected_from_exposure_to_weather_conditions_like_water_humidity_heat_direct_sunlight","counts","113","Quality checks","C3871","RQ3 select yes","count and percentage"
"yes","Q11_1_Are_food_items_in_the_shop_protected_from_exposure_to_weather_conditions_like_water_humidity_heat_direct_sunlight","percentage","95.76","Quality checks","C3871","RQ3 select yes","count and percentage"
"no","Q11_1_Are_food_items_in_the_shop_protected_from_exposure_to_weather_conditions_like_water_humidity_heat_direct_sunlight","counts","6","Quality checks","C3947","RQ3 select yes","count and percentage"
"no","Q11_1_Are_food_items_in_the_shop_protected_from_exposure_to_weather_conditions_like_water_humidity_heat_direct_sunlight","percentage","6.12","Quality checks","C3947","RQ3 select yes","count and percentage"
"yes","Q11_1_Are_food_items_in_the_shop_protected_from_exposure_to_weather_conditions_like_water_humidity_heat_direct_sunlight","counts","92","Quality checks","C3947","RQ3 select yes","count and percentage"
"yes","Q11_1_Are_food_items_in_the_shop_protected_from_exposure_to_weather_conditions_like_water_humidity_heat_direct_sunlight","percentage","93.88","Quality checks","C3947","RQ3 select yes","count and percentage"
"no","Q11_1_Are_food_items_in_the_shop_protected_from_exposure_to_weather_conditions_like_water_humidity_heat_direct_sunlight","counts","2","Quality checks","C4121","RQ3 select yes","count and percentage"
"no","Q11_1_Are_food_items_in_the_shop_protected_from_exposure_to_weather_conditions_like_water_humidity_heat_direct_sunlight","percentage","3.57","Quality checks","C4121","RQ3 select yes","count and percentage"
"yes","Q11_1_Are_food_items_in_the_shop_protected_from_exposure_to_weather_conditions_like_water_humidity_heat_direct_sunlight","counts","54","Quality checks","C4121","RQ3 select yes","count and percentage"
"yes","Q11_1_Are_food_items_in_the_shop_protected_from_exposure_to_weather_conditions_like_water_humidity_heat_direct_sunlight","percentage","96.43","Quality checks","C4121","RQ3 select yes","count and percentage"
"no","Q11_1_Are_food_items_in_the_shop_protected_from_exposure_to_weather_conditions_like_water_humidity_heat_direct_sunlight","counts","6","Quality checks","C4126","RQ3 select yes","count and percentage"
"no","Q11_1_Are_food_items_in_the_shop_protected_from_exposure_to_weather_conditions_like_water_humidity_heat_direct_sunlight","percentage","7.59","Quality checks","C4126","RQ3 select yes","count and percentage"
"yes","Q11_1_Are_food_items_in_the_shop_protected_from_exposure_to_weather_conditions_like_water_humidity_heat_direct_sunlight","counts","73","Quality checks","C4126","RQ3 select yes","count and percentage"
"yes","Q11_1_Are_food_items_in_the_shop_protected_from_exposure_to_weather_conditions_like_water_humidity_heat_direct_sunlight","percentage","92.41","Quality checks","C4126","RQ3 select yes","count and percentage"
"yes","Q11_1_Are_food_items_in_the_shop_protected_from_exposure_to_weather_conditions_like_water_humidity_heat_direct_sunlight","counts","59","Quality checks","C4140","RQ3 select yes","count and percentage"
"yes","Q11_1_Are_food_items_in_the_shop_protected_from_exposure_to_weather_conditions_like_water_humidity_heat_direct_sunlight","percentage","100","Quality checks","C4140","RQ3 select yes","count and percentage"
"no","Q11_2_Are_food_items_in_the_shop_protected_from_chemicals","counts","2","Quality checks","C3871","RQ3 select yes","count and percentage"
"no","Q11_2_Are_food_items_in_the_shop_protected_from_chemicals","percentage","1.69","Quality checks","C3871","RQ3 select yes","count and percentage"
"yes","Q11_2_Are_food_items_in_the_shop_protected_from_chemicals","counts","116","Quality checks","C3871","RQ3 select yes","count and percentage"
"yes","Q11_2_Are_food_items_in_the_shop_protected_from_chemicals","percentage","98.31","Quality checks","C3871","RQ3 select yes","count and percentage"
"no","Q11_2_Are_food_items_in_the_shop_protected_from_chemicals","counts","4","Quality checks","C3947","RQ3 select yes","count and percentage"
"no","Q11_2_Are_food_items_in_the_shop_protected_from_chemicals","percentage","4.08","Quality checks","C3947","RQ3 select yes","count and percentage"
"yes","Q11_2_Are_food_items_in_the_shop_protected_from_chemicals","counts","94","Quality checks","C3947","RQ3 select yes","count and percentage"
"yes","Q11_2_Are_food_items_in_the_shop_protected_from_chemicals","percentage","95.92","Quality checks","C3947","RQ3 select yes","count and percentage"
"yes","Q11_2_Are_food_items_in_the_shop_protected_from_chemicals","counts","56","Quality checks","C4121","RQ3 select yes","count and percentage"
"yes","Q11_2_Are_food_items_in_the_shop_protected_from_chemicals","percentage","100","Quality checks","C4121","RQ3 select yes","count and percentage"
"no","Q11_2_Are_food_items_in_the_shop_protected_from_chemicals","counts","2","Quality checks","C4126","RQ3 select yes","count and percentage"
"no","Q11_2_Are_food_items_in_the_shop_protected_from_chemicals","percentage","2.53","Quality checks","C4126","RQ3 select yes","count and percentage"
"yes","Q11_2_Are_food_items_in_the_shop_protected_from_chemicals","counts","77","Quality checks","C4126","RQ3 select yes","count and percentage"
"yes","Q11_2_Are_food_items_in_the_shop_protected_from_chemicals","percentage","97.47","Quality checks","C4126","RQ3 select yes","count and percentage"
"no","Q11_2_Are_food_items_in_the_shop_protected_from_chemicals","counts","1","Quality checks","C4140","RQ3 select yes","count and percentage"
"no","Q11_2_Are_food_items_in_the_shop_protected_from_chemicals","percentage","1.69","Quality checks","C4140","RQ3 select yes","count and percentage"
"yes","Q11_2_Are_food_items_in_the_shop_protected_from_chemicals","counts","58","Quality checks","C4140","RQ3 select yes","count and percentage"
"yes","Q11_2_Are_food_items_in_the_shop_protected_from_chemicals","percentage","98.31","Quality checks","C4140","RQ3 select yes","count and percentage"
"no","Q11_8_Are_fresh_fruits_and_vegetables_in_the_shops_well_separated_from_raw_meat_poultry_fish_or_seafood","counts","1","Quality checks","C3871","RQ3 select yes","count and percentage"
"no","Q11_8_Are_fresh_fruits_and_vegetables_in_the_shops_well_separated_from_raw_meat_poultry_fish_or_seafood","percentage","2.94","Quality checks","C3871","RQ3 select yes","count and percentage"
"yes","Q11_8_Are_fresh_fruits_and_vegetables_in_the_shops_well_separated_from_raw_meat_poultry_fish_or_seafood","counts","33","Quality checks","C3871","RQ3 select yes","count and percentage"
"yes","Q11_8_Are_fresh_fruits_and_vegetables_in_the_shops_well_separated_from_raw_meat_poultry_fish_or_seafood","percentage","97.06","Quality checks","C3871","RQ3 select yes","count and percentage"
"no","Q11_8_Are_fresh_fruits_and_vegetables_in_the_shops_well_separated_from_raw_meat_poultry_fish_or_seafood","counts","1","Quality checks","C3947","RQ3 select yes","count and percentage"
"no","Q11_8_Are_fresh_fruits_and_vegetables_in_the_shops_well_separated_from_raw_meat_poultry_fish_or_seafood","percentage","4.35","Quality checks","C3947","RQ3 select yes","count and percentage"
"yes","Q11_8_Are_fresh_fruits_and_vegetables_in_the_shops_well_separated_from_raw_meat_poultry_fish_or_seafood","counts","22","Quality checks","C3947","RQ3 select yes","count and percentage"
"yes","Q11_8_Are_fresh_fruits_and_vegetables_in_the_shops_well_separated_from_raw_meat_poultry_fish_or_seafood","percentage","95.65","Quality checks","C3947","RQ3 select yes","count and percentage"
"yes","Q11_8_Are_fresh_fruits_and_vegetables_in_the_shops_well_separated_from_raw_meat_poultry_fish_or_seafood","counts","18","Quality checks","C4121","RQ3 select yes","count and percentage"
"yes","Q11_8_Are_fresh_fruits_and_vegetables_in_the_shops_well_separated_from_raw_meat_poultry_fish_or_seafood","percentage","100","Quality checks","C4121","RQ3 select yes","count and percentage"
"yes","Q11_8_Are_fresh_fruits_and_vegetables_in_the_shops_well_separated_from_raw_meat_poultry_fish_or_seafood","counts","28","Quality checks","C4126","RQ3 select yes","count and percentage"
"yes","Q11_8_Are_fresh_fruits_and_vegetables_in_the_shops_well_separated_from_raw_meat_poultry_fish_or_seafood","percentage","100","Quality checks","C4126","RQ3 select yes","count and percentage"
"yes","Q11_8_Are_fresh_fruits_and_vegetables_in_the_shops_well_separated_from_raw_meat_poultry_fish_or_seafood","counts","19","Quality checks","C4140","RQ3 select yes","count and percentage"
"yes","Q11_8_Are_fresh_fruits_and_vegetables_in_the_shops_well_separated_from_raw_meat_poultry_fish_or_seafood","percentage","100","Quality checks","C4140","RQ3 select yes","count and percentage"
"no","Q11_9__Are_fresh_food_items_and_old_food_items_displayed_separately","counts","15","Quality checks","C3871","RQ3 select yes","count and percentage"
"no","Q11_9__Are_fresh_food_items_and_old_food_items_displayed_separately","percentage","12.71","Quality checks","C3871","RQ3 select yes","count and percentage"
"yes","Q11_9__Are_fresh_food_items_and_old_food_items_displayed_separately","counts","103","Quality checks","C3871","RQ3 select yes","count and percentage"
"yes","Q11_9__Are_fresh_food_items_and_old_food_items_displayed_separately","percentage","87.29","Quality checks","C3871","RQ3 select yes","count and percentage"
"no","Q11_9__Are_fresh_food_items_and_old_food_items_displayed_separately","counts","46","Quality checks","C3947","RQ3 select yes","count and percentage"
"no","Q11_9__Are_fresh_food_items_and_old_food_items_displayed_separately","percentage","46.94","Quality checks","C3947","RQ3 select yes","count and percentage"
"yes","Q11_9__Are_fresh_food_items_and_old_food_items_displayed_separately","counts","52","Quality checks","C3947","RQ3 select yes","count and percentage"
"yes","Q11_9__Are_fresh_food_items_and_old_food_items_displayed_separately","percentage","53.06","Quality checks","C3947","RQ3 select yes","count and percentage"
"no","Q11_9__Are_fresh_food_items_and_old_food_items_displayed_separately","counts","2","Quality checks","C4121","RQ3 select yes","count and percentage"
"no","Q11_9__Are_fresh_food_items_and_old_food_items_displayed_separately","percentage","3.57","Quality checks","C4121","RQ3 select yes","count and percentage"
"yes","Q11_9__Are_fresh_food_items_and_old_food_items_displayed_separately","counts","54","Quality checks","C4121","RQ3 select yes","count and percentage"
"yes","Q11_9__Are_fresh_food_items_and_old_food_items_displayed_separately","percentage","96.43","Quality checks","C4121","RQ3 select yes","count and percentage"
"no","Q11_9__Are_fresh_food_items_and_old_food_items_displayed_separately","counts","3","Quality checks","C4126","RQ3 select yes","count and percentage"
"no","Q11_9__Are_fresh_food_items_and_old_food_items_displayed_separately","percentage","3.8","Quality checks","C4126","RQ3 select yes","count and percentage"
"yes","Q11_9__Are_fresh_food_items_and_old_food_items_displayed_separately","counts","76","Quality checks","C4126","RQ3 select yes","count and percentage"
"yes","Q11_9__Are_fresh_food_items_and_old_food_items_displayed_separately","percentage","96.2","Quality checks","C4126","RQ3 select yes","count and percentage"
"no","Q11_9__Are_fresh_food_items_and_old_food_items_displayed_separately","counts","2","Quality checks","C4140","RQ3 select yes","count and percentage"
"no","Q11_9__Are_fresh_food_items_and_old_food_items_displayed_separately","percentage","3.39","Quality checks","C4140","RQ3 select yes","count and percentage"
"yes","Q11_9__Are_fresh_food_items_and_old_food_items_displayed_separately","counts","57","Quality checks","C4140","RQ3 select yes","count and percentage"
"yes","Q11_9__Are_fresh_food_items_and_old_food_items_displayed_separately","percentage","96.61","Quality checks","C4140","RQ3 select yes","count and percentage"
"no","Q11_10_Are_food_packages_intact_and_free_from_signs_of_decay_or_damage","counts","8","Quality checks","C3871","RQ3 select yes","count and percentage"
"no","Q11_10_Are_food_packages_intact_and_free_from_signs_of_decay_or_damage","percentage","6.78","Quality checks","C3871","RQ3 select yes","count and percentage"
"yes","Q11_10_Are_food_packages_intact_and_free_from_signs_of_decay_or_damage","counts","110","Quality checks","C3871","RQ3 select yes","count and percentage"
"yes","Q11_10_Are_food_packages_intact_and_free_from_signs_of_decay_or_damage","percentage","93.22","Quality checks","C3871","RQ3 select yes","count and percentage"
"no","Q11_10_Are_food_packages_intact_and_free_from_signs_of_decay_or_damage","counts","1","Quality checks","C3947","RQ3 select yes","count and percentage"
"no","Q11_10_Are_food_packages_intact_and_free_from_signs_of_decay_or_damage","percentage","1.02","Quality checks","C3947","RQ3 select yes","count and percentage"
"yes","Q11_10_Are_food_packages_intact_and_free_from_signs_of_decay_or_damage","counts","97","Quality checks","C3947","RQ3 select yes","count and percentage"
"yes","Q11_10_Are_food_packages_intact_and_free_from_signs_of_decay_or_damage","percentage","98.98","Quality checks","C3947","RQ3 select yes","count and percentage"
"no","Q11_10_Are_food_packages_intact_and_free_from_signs_of_decay_or_damage","counts","1","Quality checks","C4121","RQ3 select yes","count and percentage"
"no","Q11_10_Are_food_packages_intact_and_free_from_signs_of_decay_or_damage","percentage","1.79","Quality checks","C4121","RQ3 select yes","count and percentage"
"yes","Q11_10_Are_food_packages_intact_and_free_from_signs_of_decay_or_damage","counts","55","Quality checks","C4121","RQ3 select yes","count and percentage"
"yes","Q11_10_Are_food_packages_intact_and_free_from_signs_of_decay_or_damage","percentage","98.21","Quality checks","C4121","RQ3 select yes","count and percentage"
"no","Q11_10_Are_food_packages_intact_and_free_from_signs_of_decay_or_damage","counts","1","Quality checks","C4126","RQ3 select yes","count and percentage"
"no","Q11_10_Are_food_packages_intact_and_free_from_signs_of_decay_or_damage","percentage","1.27","Quality checks","C4126","RQ3 select yes","count and percentage"
"yes","Q11_10_Are_food_packages_intact_and_free_from_signs_of_decay_or_damage","counts","78","Quality checks","C4126","RQ3 select yes","count and percentage"
"yes","Q11_10_Are_food_packages_intact_and_free_from_signs_of_decay_or_damage","percentage","98.73","Quality checks","C4126","RQ3 select yes","count and percentage"
"no","Q11_10_Are_food_packages_intact_and_free_from_signs_of_decay_or_damage","counts","2","Quality checks","C4140","RQ3 select yes","count and percentage"
"no","Q11_10_Are_food_packages_intact_and_free_from_signs_of_decay_or_damage","percentage","3.39","Quality checks","C4140","RQ3 select yes","count and percentage"
"yes","Q11_10_Are_food_packages_intact_and_free_from_signs_of_decay_or_damage","counts","57","Quality checks","C4140","RQ3 select yes","count and percentage"
"yes","Q11_10_Are_food_packages_intact_and_free_from_signs_of_decay_or_damage","percentage","96.61","Quality checks","C4140","RQ3 select yes","count and percentage"
"no","Q11_11_Are_fresh_food_containers_free_from_impurities_such_as_animal_feces","counts","2","Quality checks","C3871","RQ3 select yes","count and percentage"
"no","Q11_11_Are_fresh_food_containers_free_from_impurities_such_as_animal_feces","percentage","5.88","Quality checks","C3871","RQ3 select yes","count and percentage"
"yes","Q11_11_Are_fresh_food_containers_free_from_impurities_such_as_animal_feces","counts","32","Quality checks","C3871","RQ3 select yes","count and percentage"
"yes","Q11_11_Are_fresh_food_containers_free_from_impurities_such_as_animal_feces","percentage","94.12","Quality checks","C3871","RQ3 select yes","count and percentage"
"no","Q11_11_Are_fresh_food_containers_free_from_impurities_such_as_animal_feces","counts","3","Quality checks","C3947","RQ3 select yes","count and percentage"
"no","Q11_11_Are_fresh_food_containers_free_from_impurities_such_as_animal_feces","percentage","13.04","Quality checks","C3947","RQ3 select yes","count and percentage"
"yes","Q11_11_Are_fresh_food_containers_free_from_impurities_such_as_animal_feces","counts","20","Quality checks","C3947","RQ3 select yes","count and percentage"
"yes","Q11_11_Are_fresh_food_containers_free_from_impurities_such_as_animal_feces","percentage","86.96","Quality checks","C3947","RQ3 select yes","count and percentage"
"yes","Q11_11_Are_fresh_food_containers_free_from_impurities_such_as_animal_feces","counts","18","Quality checks","C4121","RQ3 select yes","count and percentage"
"yes","Q11_11_Are_fresh_food_containers_free_from_impurities_such_as_animal_feces","percentage","100","Quality checks","C4121","RQ3 select yes","count and percentage"
"no","Q11_11_Are_fresh_food_containers_free_from_impurities_such_as_animal_feces","counts","1","Quality checks","C4126","RQ3 select yes","count and percentage"
"no","Q11_11_Are_fresh_food_containers_free_from_impurities_such_as_animal_feces","percentage","3.57","Quality checks","C4126","RQ3 select yes","count and percentage"
"yes","Q11_11_Are_fresh_food_containers_free_from_impurities_such_as_animal_feces","counts","27","Quality checks","C4126","RQ3 select yes","count and percentage"
"yes","Q11_11_Are_fresh_food_containers_free_from_impurities_such_as_animal_feces","percentage","96.43","Quality checks","C4126","RQ3 select yes","count and percentage"
"yes","Q11_11_Are_fresh_food_containers_free_from_impurities_such_as_animal_feces","counts","19","Quality checks","C4140","RQ3 select yes","count and percentage"
"yes","Q11_11_Are_fresh_food_containers_free_from_impurities_such_as_animal_feces","percentage","100","Quality checks","C4140","RQ3 select yes","count and percentage"
"no","Q11_12_Are_fresh_food_containers_suitable_for_handling_and_storage","counts","5","Quality checks","C3871","RQ3 select yes","count and percentage"
"no","Q11_12_Are_fresh_food_containers_suitable_for_handling_and_storage","percentage","14.71","Quality checks","C3871","RQ3 select yes","count and percentage"
"yes","Q11_12_Are_fresh_food_containers_suitable_for_handling_and_storage","counts","29","Quality checks","C3871","RQ3 select yes","count and percentage"
"yes","Q11_12_Are_fresh_food_containers_suitable_for_handling_and_storage","percentage","85.29","Quality checks","C3871","RQ3 select yes","count and percentage"
"yes","Q11_12_Are_fresh_food_containers_suitable_for_handling_and_storage","counts","23","Quality checks","C3947","RQ3 select yes","count and percentage"
"yes","Q11_12_Are_fresh_food_containers_suitable_for_handling_and_storage","percentage","100","Quality checks","C3947","RQ3 select yes","count and percentage"
"yes","Q11_12_Are_fresh_food_containers_suitable_for_handling_and_storage","counts","18","Quality checks","C4121","RQ3 select yes","count and percentage"
"yes","Q11_12_Are_fresh_food_containers_suitable_for_handling_and_storage","percentage","100","Quality checks","C4121","RQ3 select yes","count and percentage"
"no","Q11_12_Are_fresh_food_containers_suitable_for_handling_and_storage","counts","1","Quality checks","C4126","RQ3 select yes","count and percentage"
"no","Q11_12_Are_fresh_food_containers_suitable_for_handling_and_storage","percentage","3.57","Quality checks","C4126","RQ3 select yes","count and percentage"
"yes","Q11_12_Are_fresh_food_containers_suitable_for_handling_and_storage","counts","27","Quality checks","C4126","RQ3 select yes","count and percentage"
"yes","Q11_12_Are_fresh_food_containers_suitable_for_handling_and_storage","percentage","96.43","Quality checks","C4126","RQ3 select yes","count and percentage"
"yes","Q11_12_Are_fresh_food_containers_suitable_for_handling_and_storage","counts","19","Quality checks","C4140","RQ3 select yes","count and percentage"
"yes","Q11_12_Are_fresh_food_containers_suitable_for_handling_and_storage","percentage","100","Quality checks","C4140","RQ3 select yes","count and percentage"
"yes","Q11_13_Are_all_goods_in_labelled_containers_not_exceeding_their_best_use_before_use_by_date","counts","85","Quality checks","C3871","RQ3 select yes","count and percentage"
"yes","Q11_13_Are_all_goods_in_labelled_containers_not_exceeding_their_best_use_before_use_by_date","percentage","100","Quality checks","C3871","RQ3 select yes","count and percentage"
"yes","Q11_13_Are_all_goods_in_labelled_containers_not_exceeding_their_best_use_before_use_by_date","counts","79","Quality checks","C3947","RQ3 select yes","count and percentage"
"yes","Q11_13_Are_all_goods_in_labelled_containers_not_exceeding_their_best_use_before_use_by_date","percentage","100","Quality checks","C3947","RQ3 select yes","count and percentage"
"yes","Q11_13_Are_all_goods_in_labelled_containers_not_exceeding_their_best_use_before_use_by_date","counts","41","Quality checks","C4121","RQ3 select yes","count and percentage"
"yes","Q11_13_Are_all_goods_in_labelled_containers_not_exceeding_their_best_use_before_use_by_date","percentage","100","Quality checks","C4121","RQ3 select yes","count and percentage"
"yes","Q11_13_Are_all_goods_in_labelled_containers_not_exceeding_their_best_use_before_use_by_date","counts","55","Quality checks","C4126","RQ3 select yes","count and percentage"
"yes","Q11_13_Are_all_goods_in_labelled_containers_not_exceeding_their_best_use_before_use_by_date","percentage","100","Quality checks","C4126","RQ3 select yes","count and percentage"
"no","Q11_13_Are_all_goods_in_labelled_containers_not_exceeding_their_best_use_before_use_by_date","counts","1","Quality checks","C4140","RQ3 select yes","count and percentage"
"no","Q11_13_Are_all_goods_in_labelled_containers_not_exceeding_their_best_use_before_use_by_date","percentage","2.44","Quality checks","C4140","RQ3 select yes","count and percentage"
"yes","Q11_13_Are_all_goods_in_labelled_containers_not_exceeding_their_best_use_before_use_by_date","counts","40","Quality checks","C4140","RQ3 select yes","count and percentage"
"yes","Q11_13_Are_all_goods_in_labelled_containers_not_exceeding_their_best_use_before_use_by_date","percentage","97.56","Quality checks","C4140","RQ3 select yes","count and percentage"
"no","Q11_1_Are_food_items_in_the_shop_protected_from_exposure_to_weather_conditions_like_water_humidity_heat_direct_sunlight","counts","19","Quality checks","Overall","RQ3 select yes","count and percentage"
"no","Q11_1_Are_food_items_in_the_shop_protected_from_exposure_to_weather_conditions_like_water_humidity_heat_direct_sunlight","percentage","4.63","Quality checks","Overall","RQ3 select yes","count and percentage"
"yes","Q11_1_Are_food_items_in_the_shop_protected_from_exposure_to_weather_conditions_like_water_humidity_heat_direct_sunlight","counts","391","Quality checks","Overall","RQ3 select yes","count and percentage"
"yes","Q11_1_Are_food_items_in_the_shop_protected_from_exposure_to_weather_conditions_like_water_humidity_heat_direct_sunlight","percentage","95.37","Quality checks","Overall","RQ3 select yes","count and percentage"
"no","Q11_2_Are_food_items_in_the_shop_protected_from_chemicals","counts","9","Quality checks","Overall","RQ3 select yes","count and percentage"
"no","Q11_2_Are_food_items_in_the_shop_protected_from_chemicals","percentage","2.2","Quality checks","Overall","RQ3 select yes","count and percentage"
"yes","Q11_2_Are_food_items_in_the_shop_protected_from_chemicals","counts","401","Quality checks","Overall","RQ3 select yes","count and percentage"
"yes","Q11_2_Are_food_items_in_the_shop_protected_from_chemicals","percentage","97.8","Quality checks","Overall","RQ3 select yes","count and percentage"
"no","Q11_8_Are_fresh_fruits_and_vegetables_in_the_shops_well_separated_from_raw_meat_poultry_fish_or_seafood","counts","2","Quality checks","Overall","RQ3 select yes","count and percentage"
"no","Q11_8_Are_fresh_fruits_and_vegetables_in_the_shops_well_separated_from_raw_meat_poultry_fish_or_seafood","percentage","1.64","Quality checks","Overall","RQ3 select yes","count and percentage"
"yes","Q11_8_Are_fresh_fruits_and_vegetables_in_the_shops_well_separated_from_raw_meat_poultry_fish_or_seafood","counts","120","Quality checks","Overall","RQ3 select yes","count and percentage"
"yes","Q11_8_Are_fresh_fruits_and_vegetables_in_the_shops_well_separated_from_raw_meat_poultry_fish_or_seafood","percentage","98.36","Quality checks","Overall","RQ3 select yes","count and percentage"
"no","Q11_9__Are_fresh_food_items_and_old_food_items_displayed_separately","counts","68","Quality checks","Overall","RQ3 select yes","count and percentage"
"no","Q11_9__Are_fresh_food_items_and_old_food_items_displayed_separately","percentage","16.59","Quality checks","Overall","RQ3 select yes","count and percentage"
"yes","Q11_9__Are_fresh_food_items_and_old_food_items_displayed_separately","counts","342","Quality checks","Overall","RQ3 select yes","count and percentage"
"yes","Q11_9__Are_fresh_food_items_and_old_food_items_displayed_separately","percentage","83.41","Quality checks","Overall","RQ3 select yes","count and percentage"
"no","Q11_10_Are_food_packages_intact_and_free_from_signs_of_decay_or_damage","counts","13","Quality checks","Overall","RQ3 select yes","count and percentage"
"no","Q11_10_Are_food_packages_intact_and_free_from_signs_of_decay_or_damage","percentage","3.17","Quality checks","Overall","RQ3 select yes","count and percentage"
"yes","Q11_10_Are_food_packages_intact_and_free_from_signs_of_decay_or_damage","counts","397","Quality checks","Overall","RQ3 select yes","count and percentage"
"yes","Q11_10_Are_food_packages_intact_and_free_from_signs_of_decay_or_damage","percentage","96.83","Quality checks","Overall","RQ3 select yes","count and percentage"
"no","Q11_11_Are_fresh_food_containers_free_from_impurities_such_as_animal_feces","counts","6","Quality checks","Overall","RQ3 select yes","count and percentage"
"no","Q11_11_Are_fresh_food_containers_free_from_impurities_such_as_animal_feces","percentage","4.92","Quality checks","Overall","RQ3 select yes","count and percentage"
"yes","Q11_11_Are_fresh_food_containers_free_from_impurities_such_as_animal_feces","counts","116","Quality checks","Overall","RQ3 select yes","count and percentage"
"yes","Q11_11_Are_fresh_food_containers_free_from_impurities_such_as_animal_feces","percentage","95.08","Quality checks","Overall","RQ3 select yes","count and percentage"
"no","Q11_12_Are_fresh_food_containers_suitable_for_handling_and_storage","counts","6","Quality checks","Overall","RQ3 select yes","count and percentage"
"no","Q11_12_Are_fresh_food_containers_suitable_for_handling_and_storage","percentage","4.92","Quality checks","Overall","RQ3 select yes","count and percentage"
"yes","Q11_12_Are_fresh_food_containers_suitable_for_handling_and_storage","counts","116","Quality checks","Overall","RQ3 select yes","count and percentage"
"yes","Q11_12_Are_fresh_food_containers_suitable_for_handling_and_storage","percentage","95.08","Quality checks","Overall","RQ3 select yes","count and percentage"
"no","Q11_13_Are_all_goods_in_labelled_containers_not_exceeding_their_best_use_before_use_by_date","counts","1","Quality checks","Overall","RQ3 select yes","count and percentage"
"no","Q11_13_Are_all_goods_in_labelled_containers_not_exceeding_their_best_use_before_use_by_date","percentage","0.33","Quality checks","Overall","RQ3 select yes","count and percentage"
"yes","Q11_13_Are_all_goods_in_labelled_containers_not_exceeding_their_best_use_before_use_by_date","counts","300","Quality checks","Overall","RQ3 select yes","count and percentage"
"yes","Q11_13_Are_all_goods_in_labelled_containers_not_exceeding_their_best_use_before_use_by_date","percentage","99.67","Quality checks","Overall","RQ3 select yes","count and percentage"
