"Q1_6_Select_community","Calc_Flour_median","Calc_Flour_max","Calc_Flour_min","Calc_White_Rice_median","Calc_White_Rice_max","Calc_White_Rice_min","Calc_Yellow_Bulgur_median","Calc_Yellow_Bulgur_max","Calc_Yellow_Bulgur_min","Calc_Yellow_Pasta_median","Calc_Yellow_Pasta_max","Calc_Yellow_Pasta_min","Calc_Dried_beige_chickpeas_median","Calc_Dried_beige_chickpeas_max","Calc_Dried_beige_chickpeas_min","Calc_Brown_lentils_median","Calc_Brown_lentils_max","Calc_Brown_lentils_min","Calc_Dried_red_lentils_median","Calc_Dried_red_lentils_max","Calc_Dried_red_lentils_min","Calc_Dried_white_beans_median","Calc_Dried_white_beans_max","Calc_Dried_white_beans_min","Calc_Tomato_paste_median","Calc_Tomato_paste_max","Calc_Tomato_paste_min","Calc_Olive_oil_median","Calc_Olive_oil_max","Calc_Olive_oil_min","Calc_Vegetable_oil_median","Calc_Vegetable_oil_max","Calc_Vegetable_oil_min","Calc_Iodized_salt_median","Calc_Iodized_salt_max","Calc_Iodized_salt_min","Calc_white_sugar_median","Calc_white_sugar_max","Calc_white_sugar_min","Calc_Canned_tuna_fish_median","Calc_Canned_tuna_fish_max","Calc_Canned_tuna_fish_min","Calc_Canned_chickpeas_Hummus_median","Calc_Canned_chickpeas_Hummus_max","Calc_Canned_chickpeas_Hummus_min","Calc_Canned_chicken_Mortadella_median","Calc_Canned_chicken_Mortadella_max","Calc_Canned_chicken_Mortadella_min","Calc_Canned_vegetables_median","Calc_Canned_vegetables_max","Calc_Canned_vegetables_min","Calc_Dried_thyme_Zaatar_median","Calc_Dried_thyme_Zaatar_max","Calc_Dried_thyme_Zaatar_min","Calc_Dates_median","Calc_Dates_max","Calc_Dates_min","Calc_Yoghurt_median","Calc_Yoghurt_max","Calc_Yoghurt_min","Calc_Loose_leaf_tea_median","Calc_Loose_leaf_tea_max","Calc_Loose_leaf_tea_min","Calc_Eggs_median","Calc_Eggs_max","Calc_Eggs_min","Calc_Cheese_median","Calc_Cheese_max","Calc_Cheese_min","Calc_Banana_median","Calc_Banana_max","Calc_Banana_min","Calc_Apples_median","Calc_Apples_max","Calc_Apples_min","Calc_Red_tomatoes_median","Calc_Red_tomatoes_max","Calc_Red_tomatoes_min","Calc_Raw_carrots_median","Calc_Raw_carrots_max","Calc_Raw_carrots_min","Calc_Raw_Lemon_median","Calc_Raw_Lemon_max","Calc_Raw_Lemon_min","Calc_Cucumber_median","Calc_Cucumber_max","Calc_Cucumber_min","Calc_Cauliflower_median","Calc_Cauliflower_max","Calc_Cauliflower_min","Calc_Spinach_median","Calc_Spinach_max","Calc_Spinach_min","Calc_Potatoes_median","Calc_Potatoes_max","Calc_Potatoes_min","Calc_Cabbage_median","Calc_Cabbage_max","Calc_Cabbage_min","Calc_Zucchini_median","Calc_Zucchini_max","Calc_Zucchini_min","Calc_Raw_Sweet_Green_Peppers_median","Calc_Raw_Sweet_Green_Peppers_max","Calc_Raw_Sweet_Green_Peppers_min","Calc_Eggplants_Aubergine_median","Calc_Eggplants_Aubergine_max","Calc_Eggplants_Aubergine_min","Calc_Onion_median","Calc_Onion_max","Calc_Onion_min","Calc_Garlic_median","Calc_Garlic_max","Calc_Garlic_min","Calc_Parsley_median","Calc_Parsley_max","Calc_Parsley_min"
"Overall",2882,72750,2096,3930,121250,2096,3406,67900,2096,3930,72750,1048,4192,92150,1310,6550,135800,262,4716,97000,3144,6550,116400,3668,7860,160050,209.6,14410,291000,7598,8122,155200,6812,524,982500,131,4454,84875,4192,3903.8,82450,2096,1768.5,31525,786,1834,72750,1048,1572,29100,1179,4978,116400,2358,7860,145500,3668,3144,63050,0,40610,824500,20960,13100,242500,262,15720,315250,11790,5043.5,5764,2358,2358,23187,1310,2358,5240,1048,2096,3144,1572,3144,3930,1965,3144,4716,1310,1310,2620,786,1572,2096,917,2620,3406,2096,1048,2358,524,1310,2096,655,2096,3930,786,917,2620,393,1834,2096,1048,3144,5240,1310,393,786,262
"C3871",2882,55775,2620,4192,121250,2620,3406,67900,3013,3406,4454,2620,4323,48500,2096,6288,106700,3144,4519.5,87300,3406,3930,7074,3668,7336,145500,3668,14410,39300,7598,8646,155200,6812,262,524,157.2,4716,84875,4323,3406,4192,2358,1834,31525,1310,2096,72750,1048,NA,-Inf,Inf,5764,9956,3144,7860,9170,7598,3144,3930,2882,36680,727500,28820,13100,232800,12052,14672,15720,13100,4716,5240,2358,2620,3406,1834,2620,5240,2096,2030.5,2620,1834,2620,3930,1965,1965,3668,1572,1310,1965,1048,1572,2096,1179,2620,3406,2358,1113.5,1179,1048,1310,1834,917,2620,3930,1834,1310,2620,786,1703,1834,1048,NA,-Inf,Inf,589.5,786,393
"C3947",2882,4454,2227,3930,5240,3144,3406,4454,2358,3668,5240,2882,3930,7336,2620,6550,9170,2620,4716,6550,3930,6550,7860,3668,7860,17030,4716,14410,15720,8122,7860,8908,7336,262,1310,131,4454,4716,4192,3052.3,36680,2096,1834,3930,786,1768.5,2620,1179,1572,3930,1310,4585,5895,3930,7860,9170,4454,3144,3668,0,41920,45850,28820,13100,15720,262,15720,18864,11790,5240,5764,3930,2096,23187,1834,2096,3406,1572,2096,3144,1572,2620,3930,2096,3275,4716,1310,1310,2620,786,1310,2096,917,2620,2882,2358,1048,2358,655,1310,2096,917,1768.5,2620,786,917,1572,655,1703,2096,1310,2620,4192,1310,524,655,262
"C4121",2882,3930,2358,3930,5240,3275,3406,4192,2882,4270.6,5240,1965,4192,7074,1310,6812,8384,2882,4716,7860,4192,7074,8384,3930,7860,9825,209.6,15903.4,18340,13100,8122,9170,7729,327.5,982500,131,4486.75,4847,4323,4192,5240,2489,1703,2620,1310,1637.5,3144,1179,1703,2096,1310,5240,7074,3406,7860,9170,4978,3144,3668,2882,39300,48470,26200,13100,14410,11790,15720,20960,11790,5240,5240,4847,2358,2620,1834,2292.5,3668,1703,2292.5,2620,1834,3144,3930,2227,2882,4192,2227,1310,1965,1048,1310,1965,1179,2620,3406,2096,1048,1572,786,1310,1310,917,2096,2620,1310,917,1179,655,1834,2096,1441,3930,5240,2096,393,524,262
"C4126",2882,72750,2358,3930,72750,3406,3406,67900,2096,3930,72750,1048,4585,92150,2620,6746.5,135800,262,4716,97000,3144,6550,116400,3930,7860,160050,6550,15720,291000,13100,8187.5,155200,7598,917,21825,393,4454,82450,4454,4454,82450,2882,1637.5,31525,1310,1834,33950,1310,1637.5,29100,1179,5240,116400,2358,7860,145500,3668,3406,63050,2882,43230,824500,30130,13100,242500,1048,17030,315250,14410,5240,5240,4716,2358,2620,1703,2358,3144,1965,1834,2620,1703,3144,3930,2096,3406,4192,2096,1310,1572,1048,1572,1834,1048,2620,3144,2096,1048,1310,786,1310,1310,786,2096,2620,1310,917,1310,786,1834,1965,1572,3406,5240,2096,393,524,262
"C4140",2620,3668,2096,3799,4192,2096,3144,3930,2620,3406,3930,1441,4257.5,5240,3144,6681,7860,2882,4454,6550,3930,6550,9170,3668,7860,10480,5502,14410,17030,12314,7860,8646,7336,393,1834,262,4454,4716,4323,3930,4716,2620,1703,2096,1244.5,1637.5,3930,1310,1572,1834,1310,4519.5,5240,3930,7336,9170,3930,2882,3144,2358,34060,44540,20960,13100,13886,11004,23580,26200,15720,5240,5240,4716,2096,2620,1310,2096,2620,1048,2358,2620,2096,2620,3930,2096,2620,3144,1310,1152.8,1572,1048,1572,1703,1310,2620,3406,2227,917,1572,524,1048,1310,655,1441,2620,1310,786,1048,393,1834,2096,1310,3144,4192,2096,393,524,262
